Athlete_Name,Sport,Matches_Played,Performance_Score,Speed,Stamina,Fitness_Level,Injury_Count,Training_Hours,Age,Efficiency_Score,Consistency_Score
Virat Kohli,Cricket,72,93,79,89,82,1,17,33,5.47,83.33
Virat Kohli,Cricket,287,95,90,80,80,3,11,29,8.64,83.33
Virat Kohli,Cricket,260,75,89,70,85,2,16,28,4.69,81.33
Virat Kohli,Cricket,73,82,76,67,75,2,14,26,5.86,72.67
Virat Kohli,Cricket,133,87,94,87,85,0,19,24,4.58,88.67
Virat Kohli,Cricket,299,81,94,69,87,5,12,30,6.75,83.33
Virat Kohli,Cricket,106,84,80,66,95,2,13,35,6.46,80.33
Virat Kohli,Cricket,291,86,83,69,76,5,13,36,6.62,76.0
Virat Kohli,Cricket,222,93,84,85,78,4,16,30,5.81,82.33
Virat Kohli,Cricket,246,93,68,81,93,0,11,22,8.45,80.67
Rohit Sharma,Cricket,125,87,93,90,85,1,13,34,6.69,89.33
Rohit Sharma,Cricket,124,80,87,85,73,5,18,33,4.44,81.67
Rohit Sharma,Cricket,134,77,77,73,88,1,14,30,5.5,79.33
Rohit Sharma,Cricket,242,92,77,75,88,2,14,34,6.57,80.0
Rohit Sharma,Cricket,128,87,84,76,79,5,13,30,6.69,79.67
Rohit Sharma,Cricket,250,90,76,69,80,4,18,22,5.0,75.0
Rohit Sharma,Cricket,187,80,70,91,92,5,10,35,8.0,84.33
Rohit Sharma,Cricket,73,78,76,92,83,0,11,33,7.09,83.67
Rohit Sharma,Cricket,138,91,88,66,83,3,16,38,5.69,79.0
Rohit Sharma,Cricket,96,74,68,85,84,4,12,30,6.17,79.0
KL Rahul,Cricket,273,74,88,95,92,5,18,37,4.11,91.67
KL Rahul,Cricket,275,70,82,80,90,1,17,34,4.12,84.0
KL Rahul,Cricket,139,77,75,94,94,4,20,31,3.85,87.67
KL Rahul,Cricket,76,90,70,81,75,0,17,24,5.29,75.33
KL Rahul,Cricket,292,73,81,80,87,3,13,29,5.62,82.67
KL Rahul,Cricket,65,75,82,95,88,5,11,34,6.82,88.33
KL Rahul,Cricket,238,75,76,95,76,0,15,34,5.0,82.33
KL Rahul,Cricket,288,72,70,80,84,0,15,23,4.8,78.0
KL Rahul,Cricket,193,87,71,88,78,0,18,30,4.83,79.0
KL Rahul,Cricket,164,77,67,81,75,1,19,38,4.05,74.33
Hardik Pandya,Cricket,213,89,79,81,92,0,15,35,5.93,84.0
Hardik Pandya,Cricket,113,83,70,82,77,0,13,24,6.38,76.33
Hardik Pandya,Cricket,138,79,65,91,87,2,14,29,5.64,81.0
Hardik Pandya,Cricket,231,84,76,90,80,1,10,35,8.4,82.0
Hardik Pandya,Cricket,211,71,76,68,90,1,17,34,4.18,78.0
Hardik Pandya,Cricket,134,80,77,82,87,4,11,37,7.27,82.0
Hardik Pandya,Cricket,256,89,79,95,89,5,13,33,6.85,87.67
Hardik Pandya,Cricket,213,89,95,65,91,4,15,30,5.93,83.67
Hardik Pandya,Cricket,134,72,89,66,93,4,13,30,5.54,82.67
Hardik Pandya,Cricket,118,93,83,91,82,4,17,22,5.47,85.33
Jasprit Bumrah,Cricket,287,72,83,87,85,0,12,27,6.0,85.0
Jasprit Bumrah,Cricket,157,93,94,89,70,4,10,35,9.3,84.33
Jasprit Bumrah,Cricket,288,75,91,91,77,3,20,26,3.75,86.33
Jasprit Bumrah,Cricket,269,71,90,81,89,0,17,28,4.18,86.67
Jasprit Bumrah,Cricket,249,77,78,84,77,2,14,38,5.5,79.67
Jasprit Bumrah,Cricket,109,78,84,93,91,0,19,30,4.11,89.33
Jasprit Bumrah,Cricket,263,70,68,93,80,0,20,30,3.5,80.33
Jasprit Bumrah,Cricket,52,71,66,76,81,2,11,35,6.45,74.33
Jasprit Bumrah,Cricket,282,81,79,67,75,1,20,27,4.05,73.67
Jasprit Bumrah,Cricket,174,86,77,88,93,2,17,25,5.06,86.0
Lionel Messi,Football,121,76,77,86,88,3,20,30,3.8,83.67
Lionel Messi,Football,295,88,84,80,77,0,14,25,6.29,80.33
Lionel Messi,Football,201,92,69,85,93,2,19,27,4.84,82.33
Lionel Messi,Football,189,73,65,65,91,3,17,22,4.29,73.67
Lionel Messi,Football,297,70,89,87,88,1,20,36,3.5,88.0
Lionel Messi,Football,89,76,87,91,89,5,12,31,6.33,89.0
Lionel Messi,Football,172,84,92,75,72,3,14,22,6.0,79.67
Lionel Messi,Football,293,81,72,72,79,4,18,27,4.5,74.33
Lionel Messi,Football,217,95,79,86,73,1,15,31,6.33,79.33
Lionel Messi,Football,80,88,91,80,87,5,14,36,6.29,86.0
Cristiano Ronaldo,Football,280,75,73,65,95,1,13,22,5.77,77.67
Cristiano Ronaldo,Football,253,79,88,84,83,1,18,25,4.39,85.0
Cristiano Ronaldo,Football,170,91,83,89,88,1,19,25,4.79,86.67
Cristiano Ronaldo,Football,99,76,81,74,91,4,18,23,4.22,82.0
Cristiano Ronaldo,Football,174,95,72,92,78,0,19,24,5.0,80.67
Cristiano Ronaldo,Football,98,79,77,70,94,3,17,31,4.65,80.33
Cristiano Ronaldo,Football,93,82,78,67,90,4,15,31,5.47,78.33
Cristiano Ronaldo,Football,237,89,87,77,87,2,20,28,4.45,83.67
Cristiano Ronaldo,Football,61,82,66,83,72,1,11,33,7.45,73.67
Cristiano Ronaldo,Football,296,82,78,66,95,1,19,25,4.32,79.67
Neymar Jr,Football,214,82,74,77,70,5,11,36,7.45,73.67
Neymar Jr,Football,137,82,83,84,78,2,11,31,7.45,81.67
Neymar Jr,Football,203,77,86,70,86,0,18,33,4.28,80.67
Neymar Jr,Football,297,82,68,83,75,0,18,38,4.56,75.33
Neymar Jr,Football,117,81,93,69,87,1,17,34,4.76,83.0
Neymar Jr,Football,207,79,69,76,70,4,16,36,4.94,71.67
Neymar Jr,Football,170,78,80,83,76,2,18,36,4.33,79.67
Neymar Jr,Football,212,72,83,87,74,2,15,32,4.8,81.33
Neymar Jr,Football,112,94,71,78,73,4,15,35,6.27,74.0
Neymar Jr,Football,267,88,76,76,80,2,13,24,6.77,77.33
Kylian Mbappe,Football,271,71,89,78,86,5,17,24,4.18,84.33
Kylian Mbappe,Football,295,86,88,92,81,1,18,26,4.78,87.0
Kylian Mbappe,Football,96,91,75,83,83,4,19,34,4.79,80.33
Kylian Mbappe,Football,145,75,86,93,75,4,18,33,4.17,84.67
Kylian Mbappe,Football,115,90,83,87,92,1,17,26,5.29,87.33
Kylian Mbappe,Football,169,71,94,89,94,1,12,35,5.92,92.33
Kylian Mbappe,Football,213,78,69,69,76,4,20,30,3.9,71.33
Kylian Mbappe,Football,230,85,74,87,94,2,12,38,7.08,85.0
Kylian Mbappe,Football,193,74,91,70,92,0,20,28,3.7,84.33
Kylian Mbappe,Football,98,85,71,65,78,5,16,23,5.31,71.33
Kevin De Bruyne,Football,227,75,68,74,84,5,18,38,4.17,75.33
Kevin De Bruyne,Football,154,89,95,91,93,5,15,36,5.93,93.0
Kevin De Bruyne,Football,102,74,94,86,79,1,11,29,6.73,86.33
Kevin De Bruyne,Football,92,72,94,82,75,1,17,26,4.24,83.67
Kevin De Bruyne,Football,115,95,79,92,89,3,13,32,7.31,86.67
Kevin De Bruyne,Football,196,86,93,81,83,4,16,24,5.38,85.67
Kevin De Bruyne,Football,138,74,80,65,82,4,19,32,3.89,75.67
Kevin De Bruyne,Football,57,79,83,68,91,3,17,38,4.65,80.67
Kevin De Bruyne,Football,173,79,76,72,81,4,17,31,4.65,76.33
Kevin De Bruyne,Football,278,74,85,69,72,3,15,29,4.93,75.33
PV Sindhu,Badminton,171,78,89,93,86,0,20,38,3.9,89.33
PV Sindhu,Badminton,129,71,66,76,86,4,16,25,4.44,76.0
PV Sindhu,Badminton,185,89,67,65,86,0,17,37,5.24,72.67
PV Sindhu,Badminton,285,82,94,84,92,5,16,23,5.12,90.0
PV Sindhu,Badminton,189,87,67,77,87,4,19,27,4.58,77.0
PV Sindhu,Badminton,208,80,91,72,90,4,13,31,6.15,84.33
PV Sindhu,Badminton,130,75,79,95,93,2,20,33,3.75,89.0
PV Sindhu,Badminton,287,72,77,70,85,4,15,33,4.8,77.33
PV Sindhu,Badminton,170,75,79,65,90,4,11,36,6.82,78.0
PV Sindhu,Badminton,248,76,72,68,76,5,19,37,4.0,72.0
Saina Nehwal,Badminton,284,74,79,75,75,3,16,25,4.62,76.33
Saina Nehwal,Badminton,292,88,77,94,94,3,13,26,6.77,88.33
Saina Nehwal,Badminton,213,82,91,86,72,1,12,26,6.83,83.0
Saina Nehwal,Badminton,184,80,66,73,81,0,13,30,6.15,73.33
Saina Nehwal,Badminton,146,90,72,81,89,1,11,27,8.18,80.67
Saina Nehwal,Badminton,120,89,80,88,89,0,18,32,4.94,85.67
Saina Nehwal,Badminton,99,74,82,75,83,5,10,29,7.4,80.0
Saina Nehwal,Badminton,172,88,90,82,76,5,10,33,8.8,82.67
Saina Nehwal,Badminton,66,79,66,76,81,4,14,29,5.64,74.33
Saina Nehwal,Badminton,138,94,85,91,83,2,15,26,6.27,86.33
Pullela Gopichand,Badminton,252,75,66,65,72,3,15,35,5.0,67.67
Pullela Gopichand,Badminton,194,87,74,72,80,1,19,26,4.58,75.33
Pullela Gopichand,Badminton,150,81,79,69,72,2,20,25,4.05,73.33
Pullela Gopichand,Badminton,113,84,74,84,72,5,17,29,4.94,76.67
Pullela Gopichand,Badminton,163,70,87,92,78,0,11,30,6.36,85.67
Pullela Gopichand,Badminton,165,70,76,75,95,0,17,37,4.12,82.0
Pullela Gopichand,Badminton,55,82,67,89,92,3,14,31,5.86,82.67
Pullela Gopichand,Badminton,265,86,65,81,78,2,13,24,6.62,74.67
Pullela Gopichand,Badminton,136,81,69,74,91,4,12,24,6.75,78.0
Pullela Gopichand,Badminton,261,87,91,91,87,0,17,36,5.12,89.67
Prakash Padukone,Badminton,84,95,76,78,76,0,12,24,7.92,76.67
Prakash Padukone,Badminton,108,76,78,87,75,3,17,30,4.47,80.0
Prakash Padukone,Badminton,65,72,70,66,94,4,11,31,6.55,76.67
Prakash Padukone,Badminton,263,80,74,73,93,5,10,37,8.0,80.0
Prakash Padukone,Badminton,75,85,65,85,71,1,19,22,4.47,73.67
Prakash Padukone,Badminton,274,73,82,69,75,4,14,34,5.21,75.33
Prakash Padukone,Badminton,293,91,84,70,85,5,17,36,5.35,79.67
Prakash Padukone,Badminton,156,93,81,75,79,3,13,38,7.15,78.33
Prakash Padukone,Badminton,101,95,84,91,75,1,12,31,7.92,83.33
Prakash Padukone,Badminton,128,93,68,85,88,3,15,22,6.2,80.33
Jwala Gutta,Badminton,294,76,92,65,78,1,11,25,6.91,78.33
Jwala Gutta,Badminton,214,81,70,88,71,5,19,30,4.26,76.33
Jwala Gutta,Badminton,121,92,73,85,95,3,17,35,5.41,84.33
Jwala Gutta,Badminton,202,71,77,86,81,4,20,27,3.55,81.33
Jwala Gutta,Badminton,253,79,81,72,90,3,16,24,4.94,81.0
Jwala Gutta,Badminton,204,88,95,80,85,4,15,28,5.87,86.67
Jwala Gutta,Badminton,208,94,81,85,76,5,17,25,5.53,80.67
Jwala Gutta,Badminton,238,77,88,68,70,5,12,22,6.42,75.33
Jwala Gutta,Badminton,253,93,79,95,90,0,20,36,4.65,88.0
Jwala Gutta,Badminton,205,91,95,85,92,2,20,31,4.55,90.67
Neeraj Chopra,Athletics,75,78,65,65,70,2,20,25,3.9,66.67
Neeraj Chopra,Athletics,58,79,95,66,90,3,17,37,4.65,83.67
Neeraj Chopra,Athletics,274,90,77,86,78,1,15,31,6.0,80.33
Neeraj Chopra,Athletics,289,82,95,91,75,4,11,33,7.45,87.0
Neeraj Chopra,Athletics,138,77,69,90,72,4,20,31,3.85,77.0
Neeraj Chopra,Athletics,280,70,71,89,76,1,15,23,4.67,78.67
Neeraj Chopra,Athletics,235,81,78,92,73,1,16,37,5.06,81.0
Neeraj Chopra,Athletics,260,95,83,84,77,4,10,26,9.5,81.33
Neeraj Chopra,Athletics,145,81,70,68,77,5,16,26,5.06,71.67
Neeraj Chopra,Athletics,146,70,90,77,73,1,13,37,5.38,80.0
Hima Das,Athletics,82,95,78,81,84,4,16,38,5.94,81.0
Hima Das,Athletics,279,74,71,83,74,0,14,31,5.29,76.0
Hima Das,Athletics,250,94,73,66,84,0,14,30,6.71,74.33
Hima Das,Athletics,207,83,95,72,94,2,20,33,4.15,87.0
Hima Das,Athletics,167,76,79,95,87,1,14,36,5.43,87.0
Hima Das,Athletics,273,91,66,91,94,3,15,27,6.07,83.67
Hima Das,Athletics,125,95,91,77,71,4,20,36,4.75,79.67
Hima Das,Athletics,235,71,66,66,89,0,13,26,5.46,73.67
Hima Das,Athletics,244,88,66,76,93,2,15,32,5.87,78.33
Hima Das,Athletics,89,85,89,85,93,4,15,30,5.67,89.0
Milkha Singh,Athletics,100,86,78,74,71,2,15,34,5.73,74.33
Milkha Singh,Athletics,253,93,73,78,72,1,12,32,7.75,74.33
Milkha Singh,Athletics,165,71,79,74,74,1,11,26,6.45,75.67
Milkha Singh,Athletics,267,94,83,74,72,1,12,27,7.83,76.33
Milkha Singh,Athletics,64,89,75,67,74,2,19,23,4.68,72.0
Milkha Singh,Athletics,266,83,69,92,74,3,20,38,4.15,78.33
Milkha Singh,Athletics,86,83,95,89,83,4,10,24,8.3,89.0
Milkha Singh,Athletics,156,75,73,79,95,0,16,22,4.69,82.33
Milkha Singh,Athletics,242,78,84,65,79,1,17,28,4.59,76.0
Milkha Singh,Athletics,222,91,84,68,72,0,13,34,7.0,74.67
PT Usha,Athletics,98,85,70,68,93,1,15,25,5.67,77.0
PT Usha,Athletics,191,87,72,72,79,0,11,26,7.91,74.33
PT Usha,Athletics,214,91,89,89,77,2,10,35,9.1,85.0
PT Usha,Athletics,101,75,92,65,88,3,16,25,4.69,81.67
PT Usha,Athletics,281,87,68,82,75,0,19,28,4.58,75.0
PT Usha,Athletics,287,77,72,88,82,2,10,35,7.7,80.67
PT Usha,Athletics,123,79,85,65,94,4,20,32,3.95,81.33
PT Usha,Athletics,52,75,95,75,87,0,16,31,4.69,85.67
PT Usha,Athletics,205,95,65,68,79,3,13,23,7.31,70.67
PT Usha,Athletics,101,87,78,91,95,0,16,38,5.44,88.0
